<RESULT>
    <PERSONA>JULIUS CAESAR</PERSONA>
    <PERSONA>ARTEMIDORUS Of Cnidos, a teacher of rhetoric. </PERSONA>
    <PERSONA>A Soothsayer</PERSONA>
    <PERSONA>CINNA, a poet. </PERSONA>
    <PERSONA>Another Poet</PERSONA>
    <PERSONA>PINDARUS, servant to Cassius.</PERSONA>
    <PERSONA>CALPURNIA, wife to Caesar.</PERSONA>
    <PERSONA>PORTIA, wife to Brutus.</PERSONA>
    <PERSONA>Senators, Citizens, Guards, Attendants, &amp;c.</PERSONA>
    <PERSONA>OCTAVIUS CAESAR</PERSONA>
    <PERSONA>MARCUS ANTONIUS</PERSONA>
    <PERSONA>M. AEMILIUS LEPIDUS</PERSONA>
    <PERSONA>CICERO</PERSONA>
    <PERSONA>PUBLIUS</PERSONA>
    <PERSONA>POPILIUS LENA</PERSONA>
    <PERSONA>MARCUS BRUTUS</PERSONA>
    <PERSONA>CASSIUS</PERSONA>
    <PERSONA>CASCA</PERSONA>
    <PERSONA>TREBONIUS</PERSONA>
    <PERSONA>LIGARIUS</PERSONA>
    <PERSONA>DECIUS BRUTUS</PERSONA>
    <PERSONA>METELLUS CIMBER</PERSONA>
    <PERSONA>CINNA</PERSONA>
    <PERSONA>FLAVIUS</PERSONA>
    <PERSONA>MARULLUS</PERSONA>
    <PERSONA>LUCILIUS</PERSONA>
    <PERSONA>TITINIUS</PERSONA>
    <PERSONA>MESSALA</PERSONA>
    <PERSONA>Young CATO</PERSONA>
    <PERSONA>VOLUMNIUS</PERSONA>
    <PERSONA>VARRO</PERSONA>
    <PERSONA>CLITUS</PERSONA>
    <PERSONA>CLAUDIUS</PERSONA>
    <PERSONA>STRATO</PERSONA>
    <PERSONA>LUCIUS</PERSONA>
    <PERSONA>DARDANIUS</PERSONA>
</RESULT>
