<acts>
    <act>
        <SCENE>
            <TITLE>SCENE I.  Rome. A street.</TITLE>
            <STAGEDIR>Enter FLAVIUS, MARULLUS, and certain Commoners</STAGEDIR>
            <SPEECH>
                <SPEAKER>FLAVIUS</SPEAKER>
                <LINE>Hence! home, you idle creatures get you home:</LINE>
                <LINE>Is this a holiday? what! know you not,</LINE>
                <LINE>Being mechanical, you ought not walk</LINE>
                <LINE>Upon a labouring day without the sign</LINE>
                <LINE>Of your profession? Speak, what trade art thou?</LINE>
            </SPEECH>
            <SPEECH>
                <SPEAKER>First Commoner</SPEAKER>
                <LINE>Why, sir, a carpenter.</LINE>
            </SPEECH>
            <SPEECH>
                <SPEAKER>MARULLUS</SPEAKER>
                <LINE>Where is thy leather apron and thy rule?</LINE>
                <LINE>What dost thou with thy best apparel on?</LINE>
                <LINE>You, sir, what trade are you?</LINE>
            </SPEECH>
            <SPEECH>
                <SPEAKER>Second Commoner</SPEAKER>
                <LINE>Truly, sir, in respect of a fine workman, I am but,</LINE>
                <LINE>as you would say, a cobbler.</LINE>
            </SPEECH>
            <SPEECH>
                <SPEAKER>MARULLUS</SPEAKER>
                <LINE>But what trade art thou? answer me directly.</LINE>
            </SPEECH>
            <SPEECH>
                <SPEAKER>Second Commoner</SPEAKER>
                <LINE>A trade, sir, that, I hope, I may use with a safe</LINE>
                <LINE>conscience; which is, indeed, sir, a mender of bad soles.</LINE>
            </SPEECH>
            <SPEECH>
                <SPEAKER>MARULLUS</SPEAKER>
                <LINE>What trade, thou knave? thou naughty knave, what trade?</LINE>
            </SPEECH>
            <SPEECH>
                <SPEAKER>Second Commoner</SPEAKER>
                <LINE>Nay, I beseech you, sir, be not out with me: yet,</LINE>
                <LINE>if you be out, sir, I can mend you.</LINE>
            </SPEECH>
            <SPEECH>
                <SPEAKER>MARULLUS</SPEAKER>
                <LINE>What meanest thou by that? mend me, thou saucy fellow!</LINE>
            </SPEECH>
            <SPEECH>
                <SPEAKER>Second Commoner</SPEAKER>
                <LINE>Why, sir, cobble you.</LINE>
            </SPEECH>
            <SPEECH>
                <SPEAKER>FLAVIUS</SPEAKER>
                <LINE>Thou art a cobbler, art thou?</LINE>
            </SPEECH>
            <SPEECH>
                <SPEAKER>Second Commoner</SPEAKER>
                <LINE>Truly, sir, all that I live by is with the awl: I</LINE>
                <LINE>meddle with no tradesman's matters, nor women's</LINE>
                <LINE>matters, but with awl. I am, indeed, sir, a surgeon</LINE>
                <LINE>to old shoes; when they are in great danger, I</LINE>
                <LINE>recover them. As proper men as ever trod upon</LINE>
                <LINE>neat's leather have gone upon my handiwork.</LINE>
            </SPEECH>
            <SPEECH>
                <SPEAKER>FLAVIUS</SPEAKER>
                <LINE>But wherefore art not in thy shop today?</LINE>
                <LINE>Why dost thou lead these men about the streets?</LINE>
            </SPEECH>
            <SPEECH>
                <SPEAKER>Second Commoner</SPEAKER>
                <LINE>Truly, sir, to wear out their shoes, to get myself</LINE>
                <LINE>into more work. But, indeed, sir, we make holiday,</LINE>
                <LINE>to see Caesar and to rejoice in his triumph.</LINE>
            </SPEECH>
            <SPEECH>
                <SPEAKER>MARULLUS</SPEAKER>
                <LINE>Wherefore rejoice? What conquest brings he home?</LINE>
                <LINE>What tributaries follow him to Rome,</LINE>
                <LINE>To grace in captive bonds his chariot-wheels?</LINE>
                <LINE>You blocks, you stones, you worse than senseless things!</LINE>
                <LINE>O you hard hearts, you cruel men of Rome,</LINE>
                <LINE>Knew you not Pompey? Many a time and oft</LINE>
                <LINE>Have you climb'd up to walls and battlements,</LINE>
                <LINE>To towers and windows, yea, to chimney-tops,</LINE>
                <LINE>Your infants in your arms, and there have sat</LINE>
                <LINE>The livelong day, with patient expectation,</LINE>
                <LINE>To see great Pompey pass the streets of Rome:</LINE>
                <LINE>And when you saw his chariot but appear,</LINE>
                <LINE>Have you not made an universal shout,</LINE>
                <LINE>That Tiber trembled underneath her banks,</LINE>
                <LINE>To hear the replication of your sounds</LINE>
                <LINE>Made in her concave shores?</LINE>
                <LINE>And do you now put on your best attire?</LINE>
                <LINE>And do you now cull out a holiday?</LINE>
                <LINE>And do you now strew flowers in his way</LINE>
                <LINE>That comes in triumph over Pompey's blood? Be gone!</LINE>
                <LINE>Run to your houses, fall upon your knees,</LINE>
                <LINE>Pray to the gods to intermit the plague</LINE>
                <LINE>That needs must light on this ingratitude.</LINE>
            </SPEECH>
            <SPEECH>
                <SPEAKER>FLAVIUS</SPEAKER>
                <LINE>Go, go, good countrymen, and, for this fault,</LINE>
                <LINE>Assemble all the poor men of your sort;</LINE>
                <LINE>Draw them to Tiber banks, and weep your tears</LINE>
                <LINE>Into the channel, till the lowest stream</LINE>
                <LINE>Do kiss the most exalted shores of all.</LINE>
                <STAGEDIR>Exeunt all the Commoners</STAGEDIR>
                <LINE>See whether their basest metal be not moved;</LINE>
                <LINE>They vanish tongue-tied in their guiltiness.</LINE>
                <LINE>Go you down that way towards the Capitol;</LINE>
                <LINE>This way will I disrobe the images,</LINE>
                <LINE>If you do find them deck'd with ceremonies.</LINE>
            </SPEECH>
            <SPEECH>
                <SPEAKER>MARULLUS</SPEAKER>
                <LINE>May we do so?</LINE>
                <LINE>You know it is the feast of Lupercal.</LINE>
            </SPEECH>
            <SPEECH>
                <SPEAKER>FLAVIUS</SPEAKER>
                <LINE>It is no matter; let no images</LINE>
                <LINE>Be hung with Caesar's trophies. I'll about,</LINE>
                <LINE>And drive away the vulgar from the streets:</LINE>
                <LINE>So do you too, where you perceive them thick.</LINE>
                <LINE>These growing feathers pluck'd from Caesar's wing</LINE>
                <LINE>Will make him fly an ordinary pitch,</LINE>
                <LINE>Who else would soar above the view of men</LINE>
                <LINE>And keep us all in servile fearfulness.</LINE>
            </SPEECH>
            <STAGEDIR>Exeunt</STAGEDIR>
        </SCENE>
        <SCENE>
            <TITLE>SCENE II.  A public place.</TITLE>
            <STAGEDIR>Flourish. Enter CAESAR; ANTONY, for the course;
CALPURNIA, PORTIA, DECIUS BRUTUS, CICERO, BRUTUS,
CASSIUS, and CASCA; a great crowd following, among
them a Soothsayer</STAGEDIR>
            <SPEECH>
                <SPEAKER>CAESAR</SPEAKER>
                <LINE>Calpurnia!</LINE>
            </SPEECH>
            <SPEECH>
                <SPEAKER>CASCA</SPEAKER>
                <LINE>Peace, ho! Caesar speaks.</LINE>
            </SPEECH>
            <SPEECH>
                <SPEAKER>CAESAR</SPEAKER>
                <LINE>Calpurnia!</LINE>
            </SPEECH>
            <SPEECH>
                <SPEAKER>CALPURNIA</SPEAKER>
                <LINE>Here, my lord.</LINE>
            </SPEECH>
            <SPEECH>
                <SPEAKER>CAESAR</SPEAKER>
                <LINE>Stand you directly in Antonius' way,</LINE>
                <LINE>When he doth run his course. Antonius!</LINE>
            </SPEECH>
            <SPEECH>
                <SPEAKER>ANTONY</SPEAKER>
                <LINE>Caesar, my lord?</LINE>
            </SPEECH>
            <SPEECH>
                <SPEAKER>CAESAR</SPEAKER>
                <LINE>Forget not, in your speed, Antonius,</LINE>
                <LINE>To touch Calpurnia; for our elders say,</LINE>
                <LINE>The barren, touched in this holy chase,</LINE>
                <LINE>Shake off their sterile curse.</LINE>
            </SPEECH>
            <SPEECH>
                <SPEAKER>ANTONY</SPEAKER>
                <LINE>I shall remember:</LINE>
                <LINE>When Caesar says 'do this,' it is perform'd.</LINE>
            </SPEECH>
            <SPEECH>
                <SPEAKER>CAESAR</SPEAKER>
                <LINE>Set on; and leave no ceremony out.</LINE>
            </SPEECH>
            <STAGEDIR>Flourish</STAGEDIR>
            <SPEECH>
                <SPEAKER>Soothsayer</SPEAKER>
                <LINE>Caesar!</LINE>
            </SPEECH>
            <SPEECH>
                <SPEAKER>CAESAR</SPEAKER>
                <LINE>Ha! who calls?</LINE>
            </SPEECH>
            <SPEECH>
                <SPEAKER>CASCA</SPEAKER>
                <LINE>Bid every noise be still: peace yet again!</LINE>
            </SPEECH>
            <SPEECH>
                <SPEAKER>CAESAR</SPEAKER>
                <LINE>Who is it in the press that calls on me?</LINE>
                <LINE>I hear a tongue, shriller than all the music,</LINE>
                <LINE>Cry 'Caesar!' Speak; Caesar is turn'd to hear.</LINE>
            </SPEECH>
            <SPEECH>
                <SPEAKER>Soothsayer</SPEAKER>
                <LINE>Beware the ides of March.</LINE>
            </SPEECH>
            <SPEECH>
                <SPEAKER>CAESAR</SPEAKER>
                <LINE>What man is that?</LINE>
            </SPEECH>
            <SPEECH>
                <SPEAKER>BRUTUS</SPEAKER>
                <LINE>A soothsayer bids you beware the ides of March.</LINE>
            </SPEECH>
            <SPEECH>
                <SPEAKER>CAESAR</SPEAKER>
                <LINE>Set him before me; let me see his face.</LINE>
            </SPEECH>
            <SPEECH>
                <SPEAKER>CASSIUS</SPEAKER>
                <LINE>Fellow, come from the throng; look upon Caesar.</LINE>
            </SPEECH>
            <SPEECH>
                <SPEAKER>CAESAR</SPEAKER>
                <LINE>What say'st thou to me now? speak once again.</LINE>
            </SPEECH>
            <SPEECH>
                <SPEAKER>Soothsayer</SPEAKER>
                <LINE>Beware the ides of March.</LINE>
            </SPEECH>
            <SPEECH>
                <SPEAKER>CAESAR</SPEAKER>
                <LINE>He is a dreamer; let us leave him: pass.</LINE>
            </SPEECH>
            <STAGEDIR>Sennet. Exeunt all except BRUTUS and CASSIUS</STAGEDIR>
            <SPEECH>
                <SPEAKER>CASSIUS</SPEAKER>
                <LINE>Will you go see the order of the course?</LINE>
            </SPEECH>
            <SPEECH>
                <SPEAKER>BRUTUS</SPEAKER>
                <LINE>Not I.</LINE>
            </SPEECH>
            <SPEECH>
                <SPEAKER>CASSIUS</SPEAKER>
                <LINE>I pray you, do.</LINE>
            </SPEECH>
            <SPEECH>
                <SPEAKER>BRUTUS</SPEAKER>
                <LINE>I am not gamesome: I do lack some part</LINE>
                <LINE>Of that quick spirit that is in Antony.</LINE>
                <LINE>Let me not hinder, Cassius, your desires;</LINE>
                <LINE>I'll leave you.</LINE>
            </SPEECH>
            <SPEECH>
                <SPEAKER>CASSIUS</SPEAKER>
                <LINE>Brutus, I do observe you now of late:</LINE>
                <LINE>I have not from your eyes that gentleness</LINE>
                <LINE>And show of love as I was wont to have:</LINE>
                <LINE>You bear too stubborn and too strange a hand</LINE>
                <LINE>Over your friend that loves you.</LINE>
            </SPEECH>
            <SPEECH>
                <SPEAKER>BRUTUS</SPEAKER>
                <LINE>Cassius,</LINE>
                <LINE>Be not deceived: if I have veil'd my look,</LINE>
                <LINE>I turn the trouble of my countenance</LINE>
                <LINE>Merely upon myself. Vexed I am</LINE>
                <LINE>Of late with passions of some difference,</LINE>
                <LINE>Conceptions only proper to myself,</LINE>
                <LINE>Which give some soil perhaps to my behaviors;</LINE>
                <LINE>But let not therefore my good friends be grieved--</LINE>
                <LINE>Among which number, Cassius, be you one--</LINE>
                <LINE>Nor construe any further my neglect,</LINE>
                <LINE>Than that poor Brutus, with himself at war,</LINE>
                <LINE>Forgets the shows of love to other men.</LINE>
            </SPEECH>
            <SPEECH>
                <SPEAKER>CASSIUS</SPEAKER>
                <LINE>Then, Brutus, I have much mistook your passion;</LINE>
                <LINE>By means whereof this breast of mine hath buried</LINE>
                <LINE>Thoughts of great value, worthy cogitations.</LINE>
                <LINE>Tell me, good Brutus, can you see your face?</LINE>
            </SPEECH>
            <SPEECH>
                <SPEAKER>BRUTUS</SPEAKER>
                <LINE>No, Cassius; for the eye sees not itself,</LINE>
                <LINE>But by reflection, by some other things.</LINE>
            </SPEECH>
            <SPEECH>
                <SPEAKER>CASSIUS</SPEAKER>
                <LINE>'Tis just:</LINE>
                <LINE>And it is very much lamented, Brutus,</LINE>
                <LINE>That you have no such mirrors as will turn</LINE>
                <LINE>Your hidden worthiness into your eye,</LINE>
                <LINE>That you might see your shadow. I have heard,</LINE>
                <LINE>Where many of the best respect in Rome,</LINE>
                <LINE>Except immortal Caesar, speaking of Brutus</LINE>
                <LINE>And groaning underneath this age's yoke,</LINE>
                <LINE>Have wish'd that noble Brutus had his eyes.</LINE>
            </SPEECH>
            <SPEECH>
                <SPEAKER>BRUTUS</SPEAKER>
                <LINE>Into what dangers would you lead me, Cassius,</LINE>
                <LINE>That you would have me seek into myself</LINE>
                <LINE>For that which is not in me?</LINE>
            </SPEECH>
            <SPEECH>
                <SPEAKER>CASSIUS</SPEAKER>
                <LINE>Therefore, good Brutus, be prepared to hear:</LINE>
                <LINE>And since you know you cannot see yourself</LINE>
                <LINE>So well as by reflection, I, your glass,</LINE>
                <LINE>Will modestly discover to yourself</LINE>
                <LINE>That of yourself which you yet know not of.</LINE>
                <LINE>And be not jealous on me, gentle Brutus:</LINE>
                <LINE>Were I a common laugher, or did use</LINE>
                <LINE>To stale with ordinary oaths my love</LINE>
                <LINE>To every new protester; if you know</LINE>
                <LINE>That I do fawn on men and hug them hard</LINE>
                <LINE>And after scandal them, or if you know</LINE>
                <LINE>That I profess myself in banqueting</LINE>
                <LINE>To all the rout, then hold me dangerous.</LINE>
            </SPEECH>
            <STAGEDIR>Flourish, and shout</STAGEDIR>
            <SPEECH>
                <SPEAKER>BRUTUS</SPEAKER>
                <LINE>What means this shouting? I do fear, the people</LINE>
                <LINE>Choose Caesar for their king.</LINE>
            </SPEECH>
            <SPEECH>
                <SPEAKER>CASSIUS</SPEAKER>
                <LINE>Ay, do you fear it?</LINE>
                <LINE>Then must I think you would not have it so.</LINE>
            </SPEECH>
            <SPEECH>
                <SPEAKER>BRUTUS</SPEAKER>
                <LINE>I would not, Cassius; yet I love him well.</LINE>
                <LINE>But wherefore do you hold me here so long?</LINE>
                <LINE>What is it that you would impart to me?</LINE>
                <LINE>If it be aught toward the general good,</LINE>
                <LINE>Set honour in one eye and death i' the other,</LINE>
                <LINE>And I will look on both indifferently,</LINE>
                <LINE>For let the gods so speed me as I love</LINE>
                <LINE>The name of honour more than I fear death.</LINE>
            </SPEECH>
            <SPEECH>
                <SPEAKER>CASSIUS</SPEAKER>
                <LINE>I know that virtue to be in you, Brutus,</LINE>
                <LINE>As well as I do know your outward favour.</LINE>
                <LINE>Well, honour is the subject of my story.</LINE>
                <LINE>I cannot tell what you and other men</LINE>
                <LINE>Think of this life; but, for my single self,</LINE>
                <LINE>I had as lief not be as live to be</LINE>
                <LINE>In awe of such a thing as I myself.</LINE>
                <LINE>I was born free as Caesar; so were you:</LINE>
                <LINE>We both have fed as well, and we can both</LINE>
                <LINE>Endure the winter's cold as well as he:</LINE>
                <LINE>For once, upon a raw and gusty day,</LINE>
                <LINE>The troubled Tiber chafing with her shores,</LINE>
                <LINE>Caesar said to me 'Darest thou, Cassius, now</LINE>
                <LINE>Leap in with me into this angry flood,</LINE>
                <LINE>And swim to yonder point?' Upon the word,</LINE>
                <LINE>Accoutred as I was, I plunged in</LINE>
                <LINE>And bade him follow; so indeed he did.</LINE>
                <LINE>The torrent roar'd, and we did buffet it</LINE>
                <LINE>With lusty sinews, throwing it aside</LINE>
                <LINE>And stemming it with hearts of controversy;</LINE>
                <LINE>But ere we could arrive the point proposed,</LINE>
                <LINE>Caesar cried 'Help me, Cassius, or I sink!'</LINE>
                <LINE>I, as Aeneas, our great ancestor,</LINE>
                <LINE>Did from the flames of Troy upon his shoulder</LINE>
                <LINE>The old Anchises bear, so from the waves of Tiber</LINE>
                <LINE>Did I the tired Caesar. And this man</LINE>
                <LINE>Is now become a god, and Cassius is</LINE>
                <LINE>A wretched creature and must bend his body,</LINE>
                <LINE>If Caesar carelessly but nod on him.</LINE>
                <LINE>He had a fever when he was in Spain,</LINE>
                <LINE>And when the fit was on him, I did mark</LINE>
                <LINE>How he did shake: 'tis true, this god did shake;</LINE>
                <LINE>His coward lips did from their colour fly,</LINE>
                <LINE>And that same eye whose bend doth awe the world</LINE>
                <LINE>Did lose his lustre: I did hear him groan:</LINE>
                <LINE>Ay, and that tongue of his that bade the Romans</LINE>
                <LINE>Mark him and write his speeches in their books,</LINE>
                <LINE>Alas, it cried 'Give me some drink, Titinius,'</LINE>
                <LINE>As a sick girl. Ye gods, it doth amaze me</LINE>
                <LINE>A man of such a feeble temper should</LINE>
                <LINE>So get the start of the majestic world</LINE>
                <LINE>And bear the palm alone.</LINE>
            </SPEECH>
            <STAGEDIR>Shout. Flourish</STAGEDIR>
            <SPEECH>
                <SPEAKER>BRUTUS</SPEAKER>
                <LINE>Another general shout!</LINE>
                <LINE>I do believe that these applauses are</LINE>
                <LINE>For some new honours that are heap'd on Caesar.</LINE>
            </SPEECH>
            <SPEECH>
                <SPEAKER>CASSIUS</SPEAKER>
                <LINE>Why, man, he doth bestride the narrow world</LINE>
                <LINE>Like a Colossus, and we petty men</LINE>
                <LINE>Walk under his huge legs and peep about</LINE>
                <LINE>To find ourselves dishonourable graves.</LINE>
                <LINE>Men at some time are masters of their fates:</LINE>
                <LINE>The fault, dear Brutus, is not in our stars,</LINE>
                <LINE>But in ourselves, that we are underlings.</LINE>
                <LINE>Brutus and Caesar: what should be in that 'Caesar'?</LINE>
                <LINE>Why should that name be sounded more than yours?</LINE>
                <LINE>Write them together, yours is as fair a name;</LINE>
                <LINE>Sound them, it doth become the mouth as well;</LINE>
                <LINE>Weigh them, it is as heavy; conjure with 'em,</LINE>
                <LINE>Brutus will start a spirit as soon as Caesar.</LINE>
                <LINE>Now, in the names of all the gods at once,</LINE>
                <LINE>Upon what meat doth this our Caesar feed,</LINE>
                <LINE>That he is grown so great? Age, thou art shamed!</LINE>
                <LINE>Rome, thou hast lost the breed of noble bloods!</LINE>
                <LINE>When went there by an age, since the great flood,</LINE>
                <LINE>But it was famed with more than with one man?</LINE>
                <LINE>When could they say till now, that talk'd of Rome,</LINE>
                <LINE>That her wide walls encompass'd but one man?</LINE>
                <LINE>Now is it Rome indeed and room enough,</LINE>
                <LINE>When there is in it but one only man.</LINE>
                <LINE>O, you and I have heard our fathers say,</LINE>
                <LINE>There was a Brutus once that would have brook'd</LINE>
                <LINE>The eternal devil to keep his state in Rome</LINE>
                <LINE>As easily as a king.</LINE>
            </SPEECH>
            <SPEECH>
                <SPEAKER>BRUTUS</SPEAKER>
                <LINE>That you do love me, I am nothing jealous;</LINE>
                <LINE>What you would work me to, I have some aim:</LINE>
                <LINE>How I have thought of this and of these times,</LINE>
                <LINE>I shall recount hereafter; for this present,</LINE>
                <LINE>I would not, so with love I might entreat you,</LINE>
                <LINE>Be any further moved. What you have said</LINE>
                <LINE>I will consider; what you have to say</LINE>
                <LINE>I will with patience hear, and find a time</LINE>
                <LINE>Both meet to hear and answer such high things.</LINE>
                <LINE>Till then, my noble friend, chew upon this:</LINE>
                <LINE>Brutus had rather be a villager</LINE>
                <LINE>Than to repute himself a son of Rome</LINE>
                <LINE>Under these hard conditions as this time</LINE>
                <LINE>Is like to lay upon us.</LINE>
            </SPEECH>
            <SPEECH>
                <SPEAKER>CASSIUS</SPEAKER>
                <LINE>I am glad that my weak words</LINE>
                <LINE>Have struck but thus much show of fire from Brutus.</LINE>
            </SPEECH>
            <SPEECH>
                <SPEAKER>BRUTUS</SPEAKER>
                <LINE>The games are done and Caesar is returning.</LINE>
            </SPEECH>
            <SPEECH>
                <SPEAKER>CASSIUS</SPEAKER>
                <LINE>As they pass by, pluck Casca by the sleeve;</LINE>
                <LINE>And he will, after his sour fashion, tell you</LINE>
                <LINE>What hath proceeded worthy note to-day.</LINE>
            </SPEECH>
            <STAGEDIR>Re-enter CAESAR and his Train</STAGEDIR>
            <SPEECH>
                <SPEAKER>BRUTUS</SPEAKER>
                <LINE>I will do so. But, look you, Cassius,</LINE>
                <LINE>The angry spot doth glow on Caesar's brow,</LINE>
                <LINE>And all the rest look like a chidden train:</LINE>
                <LINE>Calpurnia's cheek is pale; and Cicero</LINE>
                <LINE>Looks with such ferret and such fiery eyes</LINE>
                <LINE>As we have seen him in the Capitol,</LINE>
                <LINE>Being cross'd in conference by some senators.</LINE>
            </SPEECH>
            <SPEECH>
                <SPEAKER>CASSIUS</SPEAKER>
                <LINE>Casca will tell us what the matter is.</LINE>
            </SPEECH>
            <SPEECH>
                <SPEAKER>CAESAR</SPEAKER>
                <LINE>Antonius!</LINE>
            </SPEECH>
            <SPEECH>
                <SPEAKER>ANTONY</SPEAKER>
                <LINE>Caesar?</LINE>
            </SPEECH>
            <SPEECH>
                <SPEAKER>CAESAR</SPEAKER>
                <LINE>Let me have men about me that are fat;</LINE>
                <LINE>Sleek-headed men and such as sleep o' nights:</LINE>
                <LINE>Yond Cassius has a lean and hungry look;</LINE>
                <LINE>He thinks too much: such men are dangerous.</LINE>
            </SPEECH>
            <SPEECH>
                <SPEAKER>ANTONY</SPEAKER>
                <LINE>Fear him not, Caesar; he's not dangerous;</LINE>
                <LINE>He is a noble Roman and well given.</LINE>
            </SPEECH>
            <SPEECH>
                <SPEAKER>CAESAR</SPEAKER>
                <LINE>Would he were fatter! But I fear him not:</LINE>
                <LINE>Yet if my name were liable to fear,</LINE>
                <LINE>I do not know the man I should avoid</LINE>
                <LINE>So soon as that spare Cassius. He reads much;</LINE>
                <LINE>He is a great observer and he looks</LINE>
                <LINE>Quite through the deeds of men: he loves no plays,</LINE>
                <LINE>As thou dost, Antony; he hears no music;</LINE>
                <LINE>Seldom he smiles, and smiles in such a sort</LINE>
                <LINE>As if he mock'd himself and scorn'd his spirit</LINE>
                <LINE>That could be moved to smile at any thing.</LINE>
                <LINE>Such men as he be never at heart's ease</LINE>
                <LINE>Whiles they behold a greater than themselves,</LINE>
                <LINE>And therefore are they very dangerous.</LINE>
                <LINE>I rather tell thee what is to be fear'd</LINE>
                <LINE>Than what I fear; for always I am Caesar.</LINE>
                <LINE>Come on my right hand, for this ear is deaf,</LINE>
                <LINE>And tell me truly what thou think'st of him.</LINE>
            </SPEECH>
            <STAGEDIR>Sennet. Exeunt CAESAR and all his Train, but CASCA</STAGEDIR>
            <SPEECH>
                <SPEAKER>CASCA</SPEAKER>
                <LINE>You pull'd me by the cloak; would you speak with me?</LINE>
            </SPEECH>
            <SPEECH>
                <SPEAKER>BRUTUS</SPEAKER>
                <LINE>Ay, Casca; tell us what hath chanced to-day,</LINE>
                <LINE>That Caesar looks so sad.</LINE>
            </SPEECH>
            <SPEECH>
                <SPEAKER>CASCA</SPEAKER>
                <LINE>Why, you were with him, were you not?</LINE>
            </SPEECH>
            <SPEECH>
                <SPEAKER>BRUTUS</SPEAKER>
                <LINE>I should not then ask Casca what had chanced.</LINE>
            </SPEECH>
            <SPEECH>
                <SPEAKER>CASCA</SPEAKER>
                <LINE>Why, there was a crown offered him: and being</LINE>
                <LINE>offered him, he put it by with the back of his hand,</LINE>
                <LINE>thus; and then the people fell a-shouting.</LINE>
            </SPEECH>
            <SPEECH>
                <SPEAKER>BRUTUS</SPEAKER>
                <LINE>What was the second noise for?</LINE>
            </SPEECH>
            <SPEECH>
                <SPEAKER>CASCA</SPEAKER>
                <LINE>Why, for that too.</LINE>
            </SPEECH>
            <SPEECH>
                <SPEAKER>CASSIUS</SPEAKER>
                <LINE>They shouted thrice: what was the last cry for?</LINE>
            </SPEECH>
            <SPEECH>
                <SPEAKER>CASCA</SPEAKER>
                <LINE>Why, for that too.</LINE>
            </SPEECH>
            <SPEECH>
                <SPEAKER>BRUTUS</SPEAKER>
                <LINE>Was the crown offered him thrice?</LINE>
            </SPEECH>
            <SPEECH>
                <SPEAKER>CASCA</SPEAKER>
                <LINE>Ay, marry, was't, and he put it by thrice, every</LINE>
                <LINE>time gentler than other, and at every putting-by</LINE>
                <LINE>mine honest neighbours shouted.</LINE>
            </SPEECH>
            <SPEECH>
                <SPEAKER>CASSIUS</SPEAKER>
                <LINE>Who offered him the crown?</LINE>
            </SPEECH>
            <SPEECH>
                <SPEAKER>CASCA</SPEAKER>
                <LINE>Why, Antony.</LINE>
            </SPEECH>
            <SPEECH>
                <SPEAKER>BRUTUS</SPEAKER>
                <LINE>Tell us the manner of it, gentle Casca.</LINE>
            </SPEECH>
            <SPEECH>
                <SPEAKER>CASCA</SPEAKER>
                <LINE>I can as well be hanged as tell the manner of it:</LINE>
                <LINE>it was mere foolery; I did not mark it. I saw Mark</LINE>
                <LINE>Antony offer him a crown;--yet 'twas not a crown</LINE>
                <LINE>neither, 'twas one of these coronets;--and, as I told</LINE>
                <LINE>you, he put it by once: but, for all that, to my</LINE>
                <LINE>thinking, he would fain have had it. Then he</LINE>
                <LINE>offered it to him again; then he put it by again:</LINE>
                <LINE>but, to my thinking, he was very loath to lay his</LINE>
                <LINE>fingers off it. And then he offered it the third</LINE>
                <LINE>time; he put it the third time by: and still as he</LINE>
                <LINE>refused it, the rabblement hooted and clapped their</LINE>
                <LINE>chapped hands and threw up their sweaty night-caps</LINE>
                <LINE>and uttered such a deal of stinking breath because</LINE>
                <LINE>Caesar refused the crown that it had almost choked</LINE>
                <LINE>Caesar; for he swounded and fell down at it: and</LINE>
                <LINE>for mine own part, I durst not laugh, for fear of</LINE>
                <LINE>opening my lips and receiving the bad air.</LINE>
            </SPEECH>
            <SPEECH>
                <SPEAKER>CASSIUS</SPEAKER>
                <LINE>But, soft, I pray you: what, did Caesar swound?</LINE>
            </SPEECH>
            <SPEECH>
                <SPEAKER>CASCA</SPEAKER>
                <LINE>He fell down in the market-place, and foamed at</LINE>
                <LINE>mouth, and was speechless.</LINE>
            </SPEECH>
            <SPEECH>
                <SPEAKER>BRUTUS</SPEAKER>
                <LINE>'Tis very like: he hath the failing sickness.</LINE>
            </SPEECH>
            <SPEECH>
                <SPEAKER>CASSIUS</SPEAKER>
                <LINE>No, Caesar hath it not; but you and I,</LINE>
                <LINE>And honest Casca, we have the falling sickness.</LINE>
            </SPEECH>
            <SPEECH>
                <SPEAKER>CASCA</SPEAKER>
                <LINE>I know not what you mean by that; but, I am sure,</LINE>
                <LINE>Caesar fell down. If the tag-rag people did not</LINE>
                <LINE>clap him and hiss him, according as he pleased and</LINE>
                <LINE>displeased them, as they use to do the players in</LINE>
                <LINE>the theatre, I am no true man.</LINE>
            </SPEECH>
            <SPEECH>
                <SPEAKER>BRUTUS</SPEAKER>
                <LINE>What said he when he came unto himself?</LINE>
            </SPEECH>
            <SPEECH>
                <SPEAKER>CASCA</SPEAKER>
                <LINE>Marry, before he fell down, when he perceived the</LINE>
                <LINE>common herd was glad he refused the crown, he</LINE>
                <LINE>plucked me ope his doublet and offered them his</LINE>
                <LINE>throat to cut. An I had been a man of any</LINE>
                <LINE>occupation, if I would not have taken him at a word,</LINE>
                <LINE>I would I might go to hell among the rogues. And so</LINE>
                <LINE>he fell. When he came to himself again, he said,</LINE>
                <LINE>If he had done or said any thing amiss, he desired</LINE>
                <LINE>their worships to think it was his infirmity. Three</LINE>
                <LINE>or four wenches, where I stood, cried 'Alas, good</LINE>
                <LINE>soul!' and forgave him with all their hearts: but</LINE>
                <LINE>there's no heed to be taken of them; if Caesar had</LINE>
                <LINE>stabbed their mothers, they would have done no less.</LINE>
            </SPEECH>
            <SPEECH>
                <SPEAKER>BRUTUS</SPEAKER>
                <LINE>And after that, he came, thus sad, away?</LINE>
            </SPEECH>
            <SPEECH>
                <SPEAKER>CASCA</SPEAKER>
                <LINE>Ay.</LINE>
            </SPEECH>
            <SPEECH>
                <SPEAKER>CASSIUS</SPEAKER>
                <LINE>Did Cicero say any thing?</LINE>
            </SPEECH>
            <SPEECH>
                <SPEAKER>CASCA</SPEAKER>
                <LINE>Ay, he spoke Greek.</LINE>
            </SPEECH>
            <SPEECH>
                <SPEAKER>CASSIUS</SPEAKER>
                <LINE>To what effect?</LINE>
            </SPEECH>
            <SPEECH>
                <SPEAKER>CASCA</SPEAKER>
                <LINE>Nay, an I tell you that, Ill ne'er look you i' the</LINE>
                <LINE>face again: but those that understood him smiled at</LINE>
                <LINE>one another and shook their heads; but, for mine own</LINE>
                <LINE>part, it was Greek to me. I could tell you more</LINE>
                <LINE>news too: Marullus and Flavius, for pulling scarfs</LINE>
                <LINE>off Caesar's images, are put to silence. Fare you</LINE>
                <LINE>well. There was more foolery yet, if I could</LINE>
                <LINE>remember it.</LINE>
            </SPEECH>
            <SPEECH>
                <SPEAKER>CASSIUS</SPEAKER>
                <LINE>Will you sup with me to-night, Casca?</LINE>
            </SPEECH>
            <SPEECH>
                <SPEAKER>CASCA</SPEAKER>
                <LINE>No, I am promised forth.</LINE>
            </SPEECH>
            <SPEECH>
                <SPEAKER>CASSIUS</SPEAKER>
                <LINE>Will you dine with me to-morrow?</LINE>
            </SPEECH>
            <SPEECH>
                <SPEAKER>CASCA</SPEAKER>
                <LINE>Ay, if I be alive and your mind hold and your dinner</LINE>
                <LINE>worth the eating.</LINE>
            </SPEECH>
            <SPEECH>
                <SPEAKER>CASSIUS</SPEAKER>
                <LINE>Good: I will expect you.</LINE>
            </SPEECH>
            <SPEECH>
                <SPEAKER>CASCA</SPEAKER>
                <LINE>Do so. Farewell, both.</LINE>
            </SPEECH>
            <STAGEDIR>Exit</STAGEDIR>
            <SPEECH>
                <SPEAKER>BRUTUS</SPEAKER>
                <LINE>What a blunt fellow is this grown to be!</LINE>
                <LINE>He was quick mettle when he went to school.</LINE>
            </SPEECH>
            <SPEECH>
                <SPEAKER>CASSIUS</SPEAKER>
                <LINE>So is he now in execution</LINE>
                <LINE>Of any bold or noble enterprise,</LINE>
                <LINE>However he puts on this tardy form.</LINE>
                <LINE>This rudeness is a sauce to his good wit,</LINE>
                <LINE>Which gives men stomach to digest his words</LINE>
                <LINE>With better appetite.</LINE>
            </SPEECH>
            <SPEECH>
                <SPEAKER>BRUTUS</SPEAKER>
                <LINE>And so it is. For this time I will leave you:</LINE>
                <LINE>To-morrow, if you please to speak with me,</LINE>
                <LINE>I will come home to you; or, if you will,</LINE>
                <LINE>Come home to me, and I will wait for you.</LINE>
            </SPEECH>
            <SPEECH>
                <SPEAKER>CASSIUS</SPEAKER>
                <LINE>I will do so: till then, think of the world.</LINE>
                <STAGEDIR>Exit BRUTUS</STAGEDIR>
                <LINE>Well, Brutus, thou art noble; yet, I see,</LINE>
                <LINE>Thy honourable metal may be wrought</LINE>
                <LINE>From that it is disposed: therefore it is meet</LINE>
                <LINE>That noble minds keep ever with their likes;</LINE>
                <LINE>For who so firm that cannot be seduced?</LINE>
                <LINE>Caesar doth bear me hard; but he loves Brutus:</LINE>
                <LINE>If I were Brutus now and he were Cassius,</LINE>
                <LINE>He should not humour me. I will this night,</LINE>
                <LINE>In several hands, in at his windows throw,</LINE>
                <LINE>As if they came from several citizens,</LINE>
                <LINE>Writings all tending to the great opinion</LINE>
                <LINE>That Rome holds of his name; wherein obscurely</LINE>
                <LINE>Caesar's ambition shall be glanced at:</LINE>
                <LINE>And after this let Caesar seat him sure;</LINE>
                <LINE>For we will shake him, or worse days endure.</LINE>
            </SPEECH>
            <STAGEDIR>Exit</STAGEDIR>
        </SCENE>
        <SCENE>
            <TITLE>SCENE III.  The same. A street.</TITLE>
            <STAGEDIR>Thunder and lightning. Enter from opposite sides,
CASCA, with his sword drawn, and CICERO</STAGEDIR>
            <SPEECH>
                <SPEAKER>CICERO</SPEAKER>
                <LINE>Good even, Casca: brought you Caesar home?</LINE>
                <LINE>Why are you breathless? and why stare you so?</LINE>
            </SPEECH>
            <SPEECH>
                <SPEAKER>CASCA</SPEAKER>
                <LINE>Are not you moved, when all the sway of earth</LINE>
                <LINE>Shakes like a thing unfirm? O Cicero,</LINE>
                <LINE>I have seen tempests, when the scolding winds</LINE>
                <LINE>Have rived the knotty oaks, and I have seen</LINE>
                <LINE>The ambitious ocean swell and rage and foam,</LINE>
                <LINE>To be exalted with the threatening clouds:</LINE>
                <LINE>But never till to-night, never till now,</LINE>
                <LINE>Did I go through a tempest dropping fire.</LINE>
                <LINE>Either there is a civil strife in heaven,</LINE>
                <LINE>Or else the world, too saucy with the gods,</LINE>
                <LINE>Incenses them to send destruction.</LINE>
            </SPEECH>
            <SPEECH>
                <SPEAKER>CICERO</SPEAKER>
                <LINE>Why, saw you any thing more wonderful?</LINE>
            </SPEECH>
            <SPEECH>
                <SPEAKER>CASCA</SPEAKER>
                <LINE>A common slave--you know him well by sight--</LINE>
                <LINE>Held up his left hand, which did flame and burn</LINE>
                <LINE>Like twenty torches join'd, and yet his hand,</LINE>
                <LINE>Not sensible of fire, remain'd unscorch'd.</LINE>
                <LINE>Besides--I ha' not since put up my sword--</LINE>
                <LINE>Against the Capitol I met a lion,</LINE>
                <LINE>Who glared upon me, and went surly by,</LINE>
                <LINE>Without annoying me: and there were drawn</LINE>
                <LINE>Upon a heap a hundred ghastly women,</LINE>
                <LINE>Transformed with their fear; who swore they saw</LINE>
                <LINE>Men all in fire walk up and down the streets.</LINE>
                <LINE>And yesterday the bird of night did sit</LINE>
                <LINE>Even at noon-day upon the market-place,</LINE>
                <LINE>Hooting and shrieking. When these prodigies</LINE>
                <LINE>Do so conjointly meet, let not men say</LINE>
                <LINE>'These are their reasons; they are natural;'</LINE>
                <LINE>For, I believe, they are portentous things</LINE>
                <LINE>Unto the climate that they point upon.</LINE>
            </SPEECH>
            <SPEECH>
                <SPEAKER>CICERO</SPEAKER>
                <LINE>Indeed, it is a strange-disposed time:</LINE>
                <LINE>But men may construe things after their fashion,</LINE>
                <LINE>Clean from the purpose of the things themselves.</LINE>
                <LINE>Come Caesar to the Capitol to-morrow?</LINE>
            </SPEECH>
            <SPEECH>
                <SPEAKER>CASCA</SPEAKER>
                <LINE>He doth; for he did bid Antonius</LINE>
                <LINE>Send word to you he would be there to-morrow.</LINE>
            </SPEECH>
            <SPEECH>
                <SPEAKER>CICERO</SPEAKER>
                <LINE>Good night then, Casca: this disturbed sky</LINE>
                <LINE>Is not to walk in.</LINE>
            </SPEECH>
            <SPEECH>
                <SPEAKER>CASCA</SPEAKER>
                <LINE>Farewell, Cicero.</LINE>
            </SPEECH>
            <STAGEDIR>Exit CICERO</STAGEDIR>
            <STAGEDIR>Enter CASSIUS</STAGEDIR>
            <SPEECH>
                <SPEAKER>CASSIUS</SPEAKER>
                <LINE>Who's there?</LINE>
            </SPEECH>
            <SPEECH>
                <SPEAKER>CASCA</SPEAKER>
                <LINE>A Roman.</LINE>
            </SPEECH>
            <SPEECH>
                <SPEAKER>CASSIUS</SPEAKER>
                <LINE>Casca, by your voice.</LINE>
            </SPEECH>
            <SPEECH>
                <SPEAKER>CASCA</SPEAKER>
                <LINE>Your ear is good. Cassius, what night is this!</LINE>
            </SPEECH>
            <SPEECH>
                <SPEAKER>CASSIUS</SPEAKER>
                <LINE>A very pleasing night to honest men.</LINE>
            </SPEECH>
            <SPEECH>
                <SPEAKER>CASCA</SPEAKER>
                <LINE>Who ever knew the heavens menace so?</LINE>
            </SPEECH>
            <SPEECH>
                <SPEAKER>CASSIUS</SPEAKER>
                <LINE>Those that have known the earth so full of faults.</LINE>
                <LINE>For my part, I have walk'd about the streets,</LINE>
                <LINE>Submitting me unto the perilous night,</LINE>
                <LINE>And, thus unbraced, Casca, as you see,</LINE>
                <LINE>Have bared my bosom to the thunder-stone;</LINE>
                <LINE>And when the cross blue lightning seem'd to open</LINE>
                <LINE>The breast of heaven, I did present myself</LINE>
                <LINE>Even in the aim and very flash of it.</LINE>
            </SPEECH>
            <SPEECH>
                <SPEAKER>CASCA</SPEAKER>
                <LINE>But wherefore did you so much tempt the heavens?</LINE>
                <LINE>It is the part of men to fear and tremble,</LINE>
                <LINE>When the most mighty gods by tokens send</LINE>
                <LINE>Such dreadful heralds to astonish us.</LINE>
            </SPEECH>
            <SPEECH>
                <SPEAKER>CASSIUS</SPEAKER>
                <LINE>You are dull, Casca, and those sparks of life</LINE>
                <LINE>That should be in a Roman you do want,</LINE>
                <LINE>Or else you use not. You look pale and gaze</LINE>
                <LINE>And put on fear and cast yourself in wonder,</LINE>
                <LINE>To see the strange impatience of the heavens:</LINE>
                <LINE>But if you would consider the true cause</LINE>
                <LINE>Why all these fires, why all these gliding ghosts,</LINE>
                <LINE>Why birds and beasts from quality and kind,</LINE>
                <LINE>Why old men fool and children calculate,</LINE>
                <LINE>Why all these things change from their ordinance</LINE>
                <LINE>Their natures and preformed faculties</LINE>
                <LINE>To monstrous quality,--why, you shall find</LINE>
                <LINE>That heaven hath infused them with these spirits,</LINE>
                <LINE>To make them instruments of fear and warning</LINE>
                <LINE>Unto some monstrous state.</LINE>
                <LINE>Now could I, Casca, name to thee a man</LINE>
                <LINE>Most like this dreadful night,</LINE>
                <LINE>That thunders, lightens, opens graves, and roars</LINE>
                <LINE>As doth the lion in the Capitol,</LINE>
                <LINE>A man no mightier than thyself or me</LINE>
                <LINE>In personal action, yet prodigious grown</LINE>
                <LINE>And fearful, as these strange eruptions are.</LINE>
            </SPEECH>
            <SPEECH>
                <SPEAKER>CASCA</SPEAKER>
                <LINE>'Tis Caesar that you mean; is it not, Cassius?</LINE>
            </SPEECH>
            <SPEECH>
                <SPEAKER>CASSIUS</SPEAKER>
                <LINE>Let it be who it is: for Romans now</LINE>
                <LINE>Have thews and limbs like to their ancestors;</LINE>
                <LINE>But, woe the while! our fathers' minds are dead,</LINE>
                <LINE>And we are govern'd with our mothers' spirits;</LINE>
                <LINE>Our yoke and sufferance show us womanish.</LINE>
            </SPEECH>
            <SPEECH>
                <SPEAKER>CASCA</SPEAKER>
                <LINE>Indeed, they say the senators tomorrow</LINE>
                <LINE>Mean to establish Caesar as a king;</LINE>
                <LINE>And he shall wear his crown by sea and land,</LINE>
                <LINE>In every place, save here in Italy.</LINE>
            </SPEECH>
            <SPEECH>
                <SPEAKER>CASSIUS</SPEAKER>
                <LINE>I know where I will wear this dagger then;</LINE>
                <LINE>Cassius from bondage will deliver Cassius:</LINE>
                <LINE>Therein, ye gods, you make the weak most strong;</LINE>
                <LINE>Therein, ye gods, you tyrants do defeat:</LINE>
                <LINE>Nor stony tower, nor walls of beaten brass,</LINE>
                <LINE>Nor airless dungeon, nor strong links of iron,</LINE>
                <LINE>Can be retentive to the strength of spirit;</LINE>
                <LINE>But life, being weary of these worldly bars,</LINE>
                <LINE>Never lacks power to dismiss itself.</LINE>
                <LINE>If I know this, know all the world besides,</LINE>
                <LINE>That part of tyranny that I do bear</LINE>
                <LINE>I can shake off at pleasure.</LINE>
            </SPEECH>
            <STAGEDIR>Thunder still</STAGEDIR>
            <SPEECH>
                <SPEAKER>CASCA</SPEAKER>
                <LINE>So can I:</LINE>
                <LINE>So every bondman in his own hand bears</LINE>
                <LINE>The power to cancel his captivity.</LINE>
            </SPEECH>
            <SPEECH>
                <SPEAKER>CASSIUS</SPEAKER>
                <LINE>And why should Caesar be a tyrant then?</LINE>
                <LINE>Poor man! I know he would not be a wolf,</LINE>
                <LINE>But that he sees the Romans are but sheep:</LINE>
                <LINE>He were no lion, were not Romans hinds.</LINE>
                <LINE>Those that with haste will make a mighty fire</LINE>
                <LINE>Begin it with weak straws: what trash is Rome,</LINE>
                <LINE>What rubbish and what offal, when it serves</LINE>
                <LINE>For the base matter to illuminate</LINE>
                <LINE>So vile a thing as Caesar! But, O grief,</LINE>
                <LINE>Where hast thou led me? I perhaps speak this</LINE>
                <LINE>Before a willing bondman; then I know</LINE>
                <LINE>My answer must be made. But I am arm'd,</LINE>
                <LINE>And dangers are to me indifferent.</LINE>
            </SPEECH>
            <SPEECH>
                <SPEAKER>CASCA</SPEAKER>
                <LINE>You speak to Casca, and to such a man</LINE>
                <LINE>That is no fleering tell-tale. Hold, my hand:</LINE>
                <LINE>Be factious for redress of all these griefs,</LINE>
                <LINE>And I will set this foot of mine as far</LINE>
                <LINE>As who goes farthest.</LINE>
            </SPEECH>
            <SPEECH>
                <SPEAKER>CASSIUS</SPEAKER>
                <LINE>There's a bargain made.</LINE>
                <LINE>Now know you, Casca, I have moved already</LINE>
                <LINE>Some certain of the noblest-minded Romans</LINE>
                <LINE>To undergo with me an enterprise</LINE>
                <LINE>Of honourable-dangerous consequence;</LINE>
                <LINE>And I do know, by this, they stay for me</LINE>
                <LINE>In Pompey's porch: for now, this fearful night,</LINE>
                <LINE>There is no stir or walking in the streets;</LINE>
                <LINE>And the complexion of the element</LINE>
                <LINE>In favour's like the work we have in hand,</LINE>
                <LINE>Most bloody, fiery, and most terrible.</LINE>
            </SPEECH>
            <SPEECH>
                <SPEAKER>CASCA</SPEAKER>
                <LINE>Stand close awhile, for here comes one in haste.</LINE>
            </SPEECH>
            <SPEECH>
                <SPEAKER>CASSIUS</SPEAKER>
                <LINE>'Tis Cinna; I do know him by his gait;</LINE>
                <LINE>He is a friend.</LINE>
                <STAGEDIR>Enter CINNA</STAGEDIR>
                <LINE>Cinna, where haste you so?</LINE>
            </SPEECH>
            <SPEECH>
                <SPEAKER>CINNA</SPEAKER>
                <LINE>To find out you. Who's that? Metellus Cimber?</LINE>
            </SPEECH>
            <SPEECH>
                <SPEAKER>CASSIUS</SPEAKER>
                <LINE>No, it is Casca; one incorporate</LINE>
                <LINE>To our attempts. Am I not stay'd for, Cinna?</LINE>
            </SPEECH>
            <SPEECH>
                <SPEAKER>CINNA</SPEAKER>
                <LINE>I am glad on 't. What a fearful night is this!</LINE>
                <LINE>There's two or three of us have seen strange sights.</LINE>
            </SPEECH>
            <SPEECH>
                <SPEAKER>CASSIUS</SPEAKER>
                <LINE>Am I not stay'd for? tell me.</LINE>
            </SPEECH>
            <SPEECH>
                <SPEAKER>CINNA</SPEAKER>
                <LINE>Yes, you are.</LINE>
                <LINE>O Cassius, if you could</LINE>
                <LINE>But win the noble Brutus to our party--</LINE>
            </SPEECH>
            <SPEECH>
                <SPEAKER>CASSIUS</SPEAKER>
                <LINE>Be you content: good Cinna, take this paper,</LINE>
                <LINE>And look you lay it in the praetor's chair,</LINE>
                <LINE>Where Brutus may but find it; and throw this</LINE>
                <LINE>In at his window; set this up with wax</LINE>
                <LINE>Upon old Brutus' statue: all this done,</LINE>
                <LINE>Repair to Pompey's porch, where you shall find us.</LINE>
                <LINE>Is Decius Brutus and Trebonius there?</LINE>
            </SPEECH>
            <SPEECH>
                <SPEAKER>CINNA</SPEAKER>
                <LINE>All but Metellus Cimber; and he's gone</LINE>
                <LINE>To seek you at your house. Well, I will hie,</LINE>
                <LINE>And so bestow these papers as you bade me.</LINE>
            </SPEECH>
            <SPEECH>
                <SPEAKER>CASSIUS</SPEAKER>
                <LINE>That done, repair to Pompey's theatre.</LINE>
                <STAGEDIR>Exit CINNA</STAGEDIR>
                <LINE>Come, Casca, you and I will yet ere day</LINE>
                <LINE>See Brutus at his house: three parts of him</LINE>
                <LINE>Is ours already, and the man entire</LINE>
                <LINE>Upon the next encounter yields him ours.</LINE>
            </SPEECH>
            <SPEECH>
                <SPEAKER>CASCA</SPEAKER>
                <LINE>O, he sits high in all the people's hearts:</LINE>
                <LINE>And that which would appear offence in us,</LINE>
                <LINE>His countenance, like richest alchemy,</LINE>
                <LINE>Will change to virtue and to worthiness.</LINE>
            </SPEECH>
            <SPEECH>
                <SPEAKER>CASSIUS</SPEAKER>
                <LINE>Him and his worth and our great need of him</LINE>
                <LINE>You have right well conceited. Let us go,</LINE>
                <LINE>For it is after midnight; and ere day</LINE>
                <LINE>We will awake him and be sure of him.</LINE>
            </SPEECH>
            <STAGEDIR>Exeunt</STAGEDIR>
        </SCENE>
    </act>
</acts>
